speakers,clean_name,race,job,party,gender,pct_scored
<U+200B><U+200B>CHUCK TODD,Chuck Todd,white,journalist,na,male,1
<U+200B><U+200B>SENATOR CHUCK SCHUMER,Chuck Schumer,white,elected,dem,male,1
<U+200B><U+200B>SENATOR MITCH MCCONNELL,Mitch Mcconnell,white,elected,rep,male,1
ACHMED RASHIDI,Achmed Rashidi,,,,,0
ADEL AL JUBEIR,Adel Al Jubeir,,,,,0
ADM MIKE MULLEN,Mike Mullen,white,military,na,male,1
ADMIRAL MIKE MULLEN,Mike Mullen,white,military,na,male,1
AHMED RASHIDI ON TAPE,Ahmed Rashidi,,,,,0
AINSLEY EARHARDT,Ainsley Earhardt,,,,,0
AL CARDENAS,Al Cardenas,hispanic,pundit,rep,male,1
AL GORE,Al Gore,white,elected,dem,male,1
AL GORE ON TAPE,Al Gore,white,elected,dem,male,1
AL SHARPTON,Al Sharpton,black,pundit,dem,male,1
ALANA SIMMONS,Alana Simmons,,,,,0
ALEC BALDWIN,Alec Baldwin,white,entertainer,dem,male,1
ALEC BALDWIN AS DONALD TRUMP,Alec Baldwin,white,entertainer,dem,male,1
ALEX CASTELLANOS,Alex Castellanos,hispanic,pundit,rep,male,1
ALEX JAFFE,Alex Jaffe,,,,,0
ALFONSO AGUILAR,Alfonso Aguilar,,,,,0
ALI VITALI,Ali Vitali,,,,,0
ALICIA GARZA,Alicia Garza,,,,,0
ALICIA MACHADO,Alicia Machado,,,,,0
ALLRED,Gloria Allread,white,activist,dem,female,1
ALMA MEYER,Alma Meyer,,,,,0
AMAL CLOONEY,Amal Clooney,middle eastern,activist,dem,female,1
AMB BRETT MCGURK,Brett McGurk,,,,,0
AMB NIKKI HALEY,Nikki Haley,asian,cabinet,rep,female,1
AMB RON DERMER,Ron Dermer,white,foreign leader,na,male,1
AMBASSADOR ANDREW YOUNG,Andrew Young,black,ambassador,dem,male,1
AMBASSADOR CHRISTOPHER HILL,Christopher Hill,white,ambassador,,male,0.75
AMBASSADOR JAMES JEFFREY,Jim Jeffrey,,ambassador,,male,0.5
AMERICA FERRERA,America Ferrera,,,,,0
AMY HOLMES,Amy Holmes,,,,,0
AMY POEHLER,Amy Poehler,white,entertainer,dem,female,1
AMY SHIRLEY,Amy Shirley,,,,,0
AMY WALKER,Amy Walker,,,,,0
AMY WALTER,Amy Walter,,,,,0
AMY WALTERS,Amy Walters,,,,,0
ANDERSON COOPER,Anderson Cooper,white,journalist,na,male,1
Andrea ANDREA MITCHELL,Andrea Mitchell,white,journalist,na,female,1
ANDREA MITCHELL,Andrea Mitchell,white,journalist,na,female,1
Andrea Mitchell,Andrea Mitchell,white,journalist,na,female,1
ANDREA MITCHELL TAPE,Andrea Mitchell,white,journalist,na,female,1
ANDREW NAPOLITANO,Andrew Napolitano,white,pundit,rep,male,1
ANDREW ROSS SORKIN,Andrew Ross Sorkin,white,journalist,na,male,1
ANDY CARD,Andy Card,white,administration,rep,male,1
ANITA DUNN,Anita Dunn,white,administration,dem,female,1
ANITA HILL,Anita Hill,black,activist,dem,female,1
ANN COMPTON,Ann Compton,,,,,0
Ann Coulter,Ann Coulter,white,pundit,rep,female,1
ANN COULTER,Ann Coulter,white,pundit,rep,female,1
ANN MCKEE,Ann Mckee,,,,,0
ANNE GEARAN,Anne Gearan,,,,,0
ANTHONY FAUCI,Anthony Fauci,white,administration,na,male,1
ANTHONY SCARAMUCCI,Anthony Scaramucci,white,administration,rep,male,1
ANTONIN SCALIA,Antonin Scalia,white,supreme court,rep,male,1
APRIL RYAN,April Ryan,black,journalist,na,female,1
ARI FLEISCHER,Ari Fleischer,white,administration,rep,male,1
ARI PERITZ,Ari Peritz,,,,,0
ARIANNE ZUCKER,Arianne Zucker,,,,,0
ARNOLD REED,Arnold Reed,,,,,0
ARNOLD SCHWARZENEGGER,Arnold Schwarzenegger,white,elected,rep,male,1
ARSALAN IFTIKHAR,Arsalan Iftikhar,,,,,0
ARTHUR BROOKS,Arthur Brooks,,,,,0
ASH CARTER,Ash Carter,,,,,0
ASRA NOMANI,Asra Nomani,,,,,0
ATT GEN JEFF SESSIONS,Jeff Sessions,white,cabinet,rep,male,1
ATTORNEY GENERAL HOLDER,Eric Holder,black,cabinet,dem,male,1
ATTORNEY GENERAL JEFF SESSIONS,Jeff Sessions,white,cabinet,rep,male,1
ATTORNEY GENERAL LORETTA LYNCH,Loretta Lynch,black,cabinet,dem,female,1
AUBREY LARKIN,Aubrey Larkin,,,,,0
AUDIE CORNISH,Audie Cornish,,,,,0
AUSTAN GOOLSBEE,Austan Goolsbee,white,cabinet,dem,male,1
AUSTIN PETERSEN,Austin Petersen,,,,,0
AYMAN MOHYELDIN,Ayman Mohyeldin,,,,,0
BARACK OBAMA,Barack Obama,black,elected,dem,male,1
BARACK OBAMA ON TAPE,Barack Obama,black,elected,dem,male,1
BARBARA McQUADE,Barbara Mcquade,,,,,0
BEAU BIDEN,Beau Biden,white,elected,dem,male,1
BEAU WILLIMON,Beau Willimon,white,entertainer,na,male,1
BEN CARSON,Ben Carson,black,cabinet,rep,male,1
BEN CARSON R,Ben Carson,black,cabinet,rep,male,1
BEN GINSBERG,Ben Ginsberg,,,,,0
BEN RHODES,Ben Rhodes,white,administration,dem,male,1
BEN SHAPIRO,Ben Shapiro,,,,,0
BENJAMIN NETANYAHU,Benjamin Netanyahu,white,foreign leader,na,male,1
BERNIE SANDERS,Bernie Sanders,white,elected,ind,male,1
Bernie Sanders,Bernie Sanders,white,elected,ind,male,1
BETHANY HAINES,Bethany Haines,,,,,0
BEVERLY NELSON,Beverly Nelson,,,,,0
BILL BRATTON,Bill Bratton,white,sme,na,male,1
BILL CLINTON,Bill Clinton,white,elected,dem,male,1
BILL DE BLASIO,Bill De Blasio,white,elected,dem,male,1
BILL MCINTURFF,Bill Mcinturff,,,,,0
BILL MONROE,Bill Monroe,,,,,0
BILL NEELY,Bill Neely,,,,,0
BILL O REILLY,Bill O'Reilly,white,pundit,rep,male,1
BILL O<U+0092>REILLY ON TAPE,Bill O'Reilly,white,pundit,rep,male,1
BILL RICHARDSON,Bill Richardson,hispanic,elected,dem,male,1
BILLY BUSH,Billy Bush,white,other,na,male,1
BISHOP TD JAKES,TD Jakes,,,,,0
BOB BURLESON,Bob Burleson,,,,,0
BOB COSTAS,Bob Costas,white,journalist,na,male,1
BOB DOLE,Bob Dole,white,elected,rep,male,1
BOB MICHEL,Bob Michel,,,,,0
BOB SIMON,Bob Simon,,,,,0
BOBBY JINDAL,Bobby Jindal,asian,elected,rep,male,1
BOBBY SHRIVER,Bobby Shriver,,,,,0
BRAD PARSCALE,Brad Parscale,white,administration,rep,male,1
BRAD TODD,Brad Todd,,,,,0
BRADLEY PODLISKA,Bradley Podliska,,,,,0
BRENDA TENNEY,Brenda Tenney,,,,,0
BRET BAIER,Bret Baier,white,journalist,na,male,1
BRETT KUHN,Brett Kuhn,,,,,0
BRETT MCGURK,Brett Mcgurk,,,,,0
BRETT O<U+0092>DONNELL,Brett O'Donnell,,,,,0
BRIAN HANSELMAN,Brian Hanselman,,,,,0
BRIAN KILMEADE,Brian Kilmeade,white,pundit,rep,male,1
BRUCE SPRINGSTEEN,Bruce Springsteen,white,entertainer,dem,male,1
BRYANT GUMBEL,Bryant Gumbel,black,journalist,na,male,1
CAPT MARK KELLY,Mark Kelly,white,activist,dem,male,1
CARL QUINTANILLA,Carl Quintanilla,hispanic,journalist,na,male,1
CARLY FIORINA,Carly Fiorina,white,activist,rep,female,1
CAROL LEE,Carol Lee,,,,,0
CAROL ROSENBERG,Carol Rosenberg,,,,,0
CAROLYN RYAN,Carolyn Ryan,,,,,0
CARTER PAGE,Carter Page,white,administration,rep,male,1
CATHY ENGELBERT,Cathy Engelbert,,,,,0
CATHY LANIER,Cathy Lanier,,,,,0
CECILY STRONG,Cecily Strong,white,entertainer,dem,female,1
CECILY STRONG ON TAPE,Cecily Strong,white,entertainer,dem,female,1
Chad Griffin,Chad Griffin,,,,,0
CHANCELLOR KAYA HENDERSON,Kaya Henderson,,,,,0
CHARLES BENSON,Charles Benson,,,,,0
CHARLES DENT,Charles Dent,white,elected,rep,male,1
CHARLES KRAUTHAMMER,Charles Krauthammer,white,pundit,rep,male,1
CHARLES OGLETREE,Charles Ogletree,black,pundit,dem,male,1
CHARLES RAMSEY,Charles Ramsey,,,,,0
CHARLIE BLACK,Charlie Black,,,,,0
CHARLIE COOK,Charlie Cook,white,journalist,na,male,1
CHARLIE CRIST,Charlie Crist,white,elected,dem,male,1
CHARLIE DENT,Charlie Dent,white,elected,rep,male,1
CHARLIE ROSE,Charlie Rose,white,journalist,na,male,1
CHARLIE SYKES,Charlie Sykes,white,pundit,rep,male,1
Charlie Sykes,Charlie Sykes,white,pundit,rep,male,1
CHEVY CHASE,Chevy Chase,white,entertainer,na,male,1
CHIEF CATHY LANIER,Chief Cathy,white,sme,na,female,1
CHRIS CHRISTIE,Chris Christie,white,elected,rep,male,1
CHRIS CILLIZZA,Chris Cillizza,white,journalist,na,male,1
CHRIS CLAYTON,Chris Clayton,,,,,0
CHRIS HAYES,Chris Hayes,white,pundit,dem,male,1
CHRIS JANSING,Chris Jansing,white,journalist,na,female,1
CHRIS LEHANE,Chris Lehane,,,,,0
CHRIS MATTHEWS,Chris Matthews,white,pundit,dem,male,1
CHRIS PARNELL,Chris Parnell,,,,,0
CHRIS ROCK,Chris Rock,black,entertainer,dem,male,1
CHRIS RUDDY,Chris Ruddy,,,,,0
CHRIS WALLACE,Chris Wallace,white,journalist,na,male,1
CHRISTINA KRABLIN,Christina Krablin,,,,,0
CHRISTOPHER CANTWELL,Christopher Cantwell,,,,,0
CHRISTOPHER HANSEN,Christopher Hansen,,,,,0
CHUCK,Chuck Todd,white,journalist,na,male,1
CHUCK GRASSLEY,Chuck Grassley,white,elected,rep,male,1
CHUCK SCHUMER,Chuck Schumer,white,elected,dem,male,1
CHUCK TODD,Chuck Todd,white,journalist,na,male,1
Chuck Todd,Chuck Todd,white,journalist,na,male,1
CHUCK TODD ON TAPE,Chuck Todd,white,journalist,na,male,1
CHUCK TODD RECORDING,Chuck Todd,white,journalist,na,male,1
CHUCK TODD TAPE,Chuck Todd,white,journalist,na,male,1
CHUCK TODD V O,Chuck Todd,white,journalist,na,male,1
CINDY MORRISON,Cindy Morrison,,,,,0
CLAIRE ATKINSON,Claire Atkinson,,,,,0
CLAIRE MCCASKILL,Claire Mccaskill,white,elected,dem,female,1
CLIFFORD SLOAN,Clifford Sloan,,,,,0
CLINT WATTS,Clint Watts,,,,,0
CONAN O BRIEN,Conan O'Brien,white,entertainer,dem,male,1
CONGRESSAMN MARK MEADOWS,Mark Meadows,white,elected,rep,male,1
CONGRESSMAN CASTRO,Juaquin Castro,hispanic,elected,dem,male,1
CONGRESSMAN GREGORY MEEKS,Gregory Meeks,black,elected,dem,male,1
CONGRESSMAN LABRADOR,Raul Labrador,hispanic,elected,rep,male,1
CONGRESSMAN MIKE COFFMAN,Mike Coffman,white,elected,rep,male,1
CONGRESSMAN TIM RYAN,Tim Ryan,white,elected,dem,male,1
COREY LEWANDOWSKI,Corey Lewandowski,white,pundit,rep,male,1
CORNELL BELCHER,Cornell Belcher,black,pundit,dem,male,1
CORNELL BROOKS,Cornell Brooks,black,pundit,dem,male,1
CORNELL WILLIAM BROOKS,Cornell Brooks,black,pundit,dem,male,1
CORY BOOKER,Cory Booker,black,elected,dem,male,1
CORY GARDNER,Cory Gardner,white,elected,rep,male,1
CRAIG MELVIN,Craig Melvin,,,,,0
CURLY HAUGLAND,Curly Haugland,,,,,0
CURT SCHILLING,Curt Schilling,white,other,rep,male,1
CYNTHIA MCFADDEN,Cynthia Mcfadden,,,,,0
CYNTHIA MCFADDEN NATURAL SOUND,Cynthia Mcfadden,,,,,0
D WATKINS,D Watkins,,,,,0
DALE BUMPERS,Dale Bumpers,,,,,0
DALIA MOGAHED,Dalia Mogahed,,,,,0
DALLAS POLICE CHIEF DAVID BROWN,David Brown,black,sme,na,male,1
DAN AYKROYD,Dan Aykroyd,white,entertainer,dem,male,1
DAN BALZ,Dan Balz,white,journalist,na,male,1
DANIEL PATRICK MOYNIHAN,Daniel Patrick Moynihan,white,elected,dem,male,1
DANIEL SIMMONS,Daniel Simmons,,,,,0
DANIELLE PLETKA,Danielle Pletka,white,pundit,rep,female,1
DANNY FREEMAN,Danny Freeman,,,,,0
DARRELL BASHAM,Darrell Basham,,,,,0
DARRYL W PERRY,Darryl W,,,,,0
DAVID AXELROD,David Axelrod,white,pundit,dem,male,1
DAVID BOIES,David Boies,white,pundit,dem,male,1
DAVID BOSSIE,David Bossie,,,,,0
DAVID BRODY,David Brody,,,,,0
DAVID BROOKS,David Brooks,white,pundit,ind,male,1
David Brooks,David Brooks,white,pundit,ind,male,1
DAVID CAMERON,David Cameron,white,foreign leader,na,male,1
DAVID DUKE RECORDING,David Duke,white,activist,rep,male,1
DAVID FOLKENFLIK,David Folkenflik,,,,,0
DAVID FOSTER,David Foster,,,,,0
DAVID FRENCH,David French,white,pundit,rep,male,1
DAVID GREGORY,David Gregory,white,journalist,na,male,1
DAVID IGNATIUS,David Ignatius,white,pundit,dem,male,1
David Ignatius,David Ignatius,white,pundit,dem,male,1
DAVID LETTERMAN,David Letterman,white,entertainer,na,male,1
DAVID MARANISS,David Maraniss,,,,,0
DAVID MILLIBAND,David Milliband,,,,,0
DAVID MUIR,David Muir,,,,,0
DAVID PLOUFFE,David Plouffe,white,pundit,dem,male,1
DEAN BAQUET,Dean Baquet,,,,,0
DEAN YOUNG,Dean Young,,,,,0
DEBBIE DINGELL,Debbie Dingell,white,elected,dem,female,1
DEMAURICE SMITH,Demaurice Smith,,,,,0
DENIS MCDONOUGH,Denis Mcdonough,white,administration,dem,male,1
DENNIS HAYSBERT,Dennis Haysbert,,,,,0
Dennis Haysbert,Dennis Haysbert,,,,,0
DENNIS MEAGHER,Dennis Meagher,,,,,0
DEPUTY POLICE CHIEF DANIEL MURRAY,Daniel Murray,,sme,,male,0.5
DIAMOND REYNOLDS,Diamond Reynolds,,,,,0
DIANE BURKHART,Diane Burkhart,,,,,0
DIANNE FEINSTEIN,Dianne Feinstein,white,elected,dem,female,1
DICK CHENEY,Dick Cheney,white,elected,rep,male,1
DICK CHENEY ON TAPE,Dick Cheney,white,elected,rep,male,1
Dick Gregory,Dick Gregory,,,,,0
DIRECTOR JAMES COMEY,James Comey,white,administration,na,male,1
DONALD TRUMP,Donald Trump,white,elected,rep,male,1
DONALD TRUMP JR,Donald Trump Jr.,white,administration,rep,male,1
DONNA EDWARDS,Donna Edwards,black,elected,dem,female,1
DORIS KEARNS GOODWIN,Doris Kearns,white,historian,na,female,1
Doris Kearns Goodwin,Doris Kearns,white,historian,na,female,1
DOUG JONES,Doug Jones,,,,,0
DR ALAN J KUPERMAN,Dr Alan,,,,,0
DR BEN CARSON,Dr Ben,,,,,0
Dr Charmayne Horton,Dr Charmayne,,,,,0
DR DEBORAH NUCATOLA PLANNED PARENTHOOD ON TAPE,Dr. Deborah Nucatola,,activist,,,0.25
DR ERIN BOWEN,Dr Erin,,,,,0
DWAYNE JOHNSON,Dwayne Johnson,,,,,0
ED GILLESPIE,Ed Gillespie,,,,,0
ED HENRY,Ed Henry,,,,,0
EDDIE GLAUDE JR,Eddie Glaude,,,,,0
Eddie Glaude Jr,Eddie Glaude,,,,,0
Edie Windsor,Edie Windsor,,,,,0
EDWARD BROOKE,Edward Brooke,,,,,0
EDWARD LASTER,Edward Laster,,,,,0
EDWIN NEWMAN,Edwin Newman,,,,,0
ELIANA JOHNSON,Eliana Johnson,,,,,0
ELIE WIESEL,Elie Wiesel,,,,,0
ELIJAH CUMMINGS,Elijah Cummings,,,,,0
ELISABETH BUMILLER,Elisabeth Bumiller,,,,,0
ELISE JORDAN,Elise Jordan,,,,,0
ELIZABETH WARREN,Elizabeth Warren,,,,,0
ELLE REEVE,Elle Reeve,,,,,0
ELLEN DEGENERES,Ellen Degeneres,,,,,0
END TAPE CHUCK TODD,Chuck Todd,white,journalist,na,male,1
EPA ADMINISTRATOR SCOTT PRUITT,Scott Pruitt,white,cabinet,rep,male,1
ERIC CANTOR,Eric Cantor,,,,,0
ERIC RICHARDSON,Eric Richardson,,,,,0
ERIC TRUMP,Eric Trump,,,,,0
ERICK ERICKSON,Erick Erickson,,,,,0
ERICK ERICKSON ON TAPE,Erick Erickson,,,,,0
ERNA SOLBERG,Erna Solberg,,,,,0
ETHAN KRABLIN,Ethan Krablin,,,,,0
EUGENE MCCARTHY,Eugene Mccarthy,,,,,0
EUGENE ROBINSON,Eugene Robinson,,,,,0
Eugene Robinson,Eugene Robinson,,,,,0
EVAN KOHLMANN,Evan Kohlmann,,,,,0
EVAN MCMULLIN,Evan Mcmullin,white,activist,rep,male,1
EVAN THOMAS,Evan Thomas,white,historian,na,male,1
EVAN WOLFSON,Evan Wolfson,,,,,0
F B I DIRECTOR JAMES COMEY,James Comey,white,administration,na,male,1
FEMA ADMINISTRATOR BROCK LONG,Brock Long,white,administration,rep,male,1
FEMALE REPORTER RECORDING,Female Reporter,,journalist,na,female,0.75
FIDEL CASTRO,Fidel Castro,hispanic,foreign leader,na,male,1
FIRE COMMISSIONER DANIEL NIGRO,Daniel Nigro,,,,,0
FMR AMB ANDREW YOUNG,Andrew Young,black,ambassador,dem,male,1
FMR AMB ROBERT FORD,Robert Ford,,,,,0
FMR DIR JAMES CLAPPER,James Clapper,white,administration,na,male,1
FMR GOV JEB BUSH,Jeb Bush,white,elected,rep,male,1
FMR GOV JEB BUSH R FL,Jeb Bush,white,elected,rep,male,1
FMR GOV MARIO CUOMO,Mario Cuomo,white,elected,dem,male,1
FMR GOV MARTIN O MALLEY,Martin O'Malley,white,elected,dem,male,1
FMR GOV MIKE HUCKABEE,Mike Huckabee,white,elected,rep,male,1
FMR GOV PAT MCCRORY,Pat McCrory,white,elected,rep,male,1
FMR MAYOR MICHAEL BLOOMBERG,Michael Bloomberg,white,elected,ind,male,1
FMR REP J C WATTS,JC Watts,,,,,0
FMR SEC HILLARY CLINTON,Hillary Clinton,white,cabinet,dem,female,1
FMR SEC OF STATE JOHN KERRY,John Kerry,white,cabinet,dem,male,1
FMR SEN FRED THOMPSON,Fred Thompson,white,elected,rep,male,1
FMR SEN JACK DANFORTH ON TAPE,Jack Danforth,white,elected,,male,0.75
FMR SEN JIM DEMINT,Jim DeMint,white,elected,rep,male,1
FMR SEN JIM WEBB,Jim Webb,white,elected,dem,male,1
FMR SENATOR RICK SANTORUM,Rick Santorum,white,elected,rep,male,1
FMR VICE PRESIDENT JOE BIDEN,Joe Biden,white,elected,dem,male,1
FRANCOIS HEISBOURG,Francois Heisbourg,,,,,0
FRANK LUNTZ,Frank Luntz,white,pundit,rep,male,1
FRANK LUTZ,Frank Lutz,,,,,0
FRED ARMISEN,Fred Armisen,,,,,0
FRED YANG,Fred Yang,asian,pundit,dem,male,1
GABE GUTIERREZ,Gabe Gutierrez,,,,,0
GABE SHERMAN,Gabe Sherman,white,journalist,na,male,1
GARRICK UTLEY,Garrick Utley,,,,,0
GARRY KASPAROV,Garry Kasparov,white,activist,na,male,1
GARRY TRUDEAU,Garry Trudeau,,,,,0
GARY COHN,Gary Cohn,white,administration,rep,male,1
GARY JOHNSON,Gary Johnson,white,elected,ind,male,1
GEN RAY ODIERNO,Ray Odierno,hispanic,military,na,male,1
GENERAL BARRY McCAFFREY NBC NEWS MILITARY ANALYST,Barry McCaffrey,,sme,,,0.25
GENERAL MIKE FLYNN,Mike Flynn,white,administration,rep,male,1
GEORGE BUSH,George Bush,white,elected,rep,male,1
GEORGE CLOONEY,George Clooney,white,activist,dem,male,1
GEORGE H W BUSH,George H.W. Bush,white,elected,rep,male,1
GEORGE PATAKI,George Pataki,,,,,0
GEORGE STEPHANOPOULOS,George Stephanopoulos,,,,,0
GEORGE W BUSH,George W,,,,,0
GEORGE WEIGEL,George Weigel,,,,,0
GEORGE WILL,George Will,,,,,0
George Will,George Will,,,,,0
GERALD FORD,Gerald Ford,,,,,0
GERALD SEIB,Gerald Seib,,,,,0
GERARD BAKER,Gerard Baker,,,,,0
Glenn Beck,Glenn Beck,,,,,0
GLENN BECK,Glenn Beck,,,,,0
GLORIA STEINEM,Gloria Steinem,,,,,0
GOV ASA HUTCHINSON,Gov Asa,,,,,0
GOV BILL HASLAM,Bill Haslam,white,elected,rep,male,1
GOV CHRIS CHRISTIE,Gov Chris,,,,,0
GOV JEB BUSH,Gov Jeb,,,,,0
GOV JERRY BROWN,Gov Jerry,,,,,0
GOV JOHN HICKENLOOPER,Gov John,,,,,0
GOV JOHN KASICH,Gov John,,,,,0
GOV JOHN KASICH R OH,Gov John,,,,,0
GOV KENNETH MAPP I VI,Gov Kenneth,,,,,0
GOV MIKE HUCKABEE,Gov Mike,,,,,0
GOV MIKE PENCE,Mike Pence,white,elected,rep,male,1
GOV MITT ROMNEY,Gov Mitt,,,,,0
GOV NIKKI HALEY,Gov Nikki,,,,,0
GOV PAT MCCRORY,Gov Pat,,,,,0
GOV PAUL LEPAGE,Gov Paul,,,,,0
GOV RICK PERRY,Gov Rick,,,,,0
GOV RICK SCOTT,Gov Rick,,,,,0
GOV SCOTT WALKER,Gov Scott,,,,,0
GOVERNOR BOBBY JINDAL,Governor Bobby,,,,,0
GOVERNOR GARY JOHNSON,Governor Gary,,,,,0
GOVERNOR JERRY BROWN,Governor Jerry,,,,,0
GOVERNOR JIM JUSTICE,Governor Jim,,,,,0
GOVERNOR JOHN KASICH,Governor John,,,,,0
GOVERNOR MIKE PENCE,Mike Pence,white,elected,rep,male,1
GRANT HATTER,Grant Hatter,,,,,0
GREENPEACE ACTIVIST,Greenpeace Activist,,,,,0
GREG BOURKE,Greg Bourke,,,,,0
GREGG POPOVICH,Gregg Popovich,,,,,0
GRETA VAN SUSTEREN,Greta Van,,,,,0
GROUP VOICES,Group Voices,,,,,0
Guess what,Guess What,,,,,0
GWEN IFILL,Gwen Ifill,,,,,0
H R MCMASTER,H R,,,,,0
HAL BOEDEKER,Hal Boedeker,,,,,0
HALEY BARBOUR,Haley Barbour,,,,,0
HALLIE JACKSON,Hallie Jackson,,,,,0
HAMEED DARWEESH,Hameed Darweesh,,,,,0
HARLAN QUICK,Harlan Quick,,,,,0
HARRISON FORD,Harrison Ford,,,,,0
HARRY REID,Harry Reid,,,,,0
HARRY REID ON TAPE,Harry Reid,,,,,0
HARRY SMITH,Harry Smith,,,,,0
HARSHA 19 YEAR OLD VOTER,Harsha 19 Year,,,,,0
HASAN MINHAJ,Hasan Minhaj,,,,,0
He wrote this quote,He Wrote,,,,,0
Health care,Health Care,,,,,0
HEATHER,,,,,,0
HEATHER McGHEE,Heather Mcghee,,,,,0
HEATHER MCGHEE,Heather Mcghee,,,,,0
Heather McGhee,Heather Mcghee,,,,,0
HELEN COOPER,Helen Cooper,,,,,0
HELENE COOPER,Helene Cooper,,,,,0
HENRY BARBOUR,Henry Barbour,,,,,0
HENRY HANK SANDERS,Henry Hank,,,,,0
HENRY KISSINGER,Henry Kissinger,,,,,0
here is what I want,Here Is,,,,,0
Here s my question,Here S,,,,,0
HILLARY CLINTON,Hillary Clinton,,,,,0
HILLARY CLINTON ARCHIVE,Hillary Clinton,,,,,0
HILLARY CLINTON ON TAPE,Hillary Clinton,,,,,0
HILLARY SUPPORTER,Hillary Supporter,,,,,0
HOGAN GIDLEY,Hogan Gidley,,,,,0
HON JAMES ROBART,Hon James,,,,,0
HOUSE SPEAKER PAUL RYAN,House Speaker,,,,,0
HOWARD DEAN,Howard Dean,,,,,0
HOWARD STERN,Howard Stern,,,,,0
HUGH HEWITT,Hugh Hewitt,,,,,0
I guess the question is,I Guess,,,,,0
I start my day at 6,I Start,,,,,0
I was up until 2,I Was,,,,,0
IAN MERCER,Ian Mercer,,,,,0
INAUGURATION ATTENDEE,Inauguration Attendee,,,,,0
INTERVIEWEE,Interview,,,,,0
INTERVIEWER,Interview,,,,,0
ISIS EXECUTIONER,Isis Executioner,,,,,0
JACK GERMOND,Jack Germond,,,,,0
JAKE 22 YEAR OLD VOTER,Jake 22 Year,,,,,0
JAMES CARR,James Carr,,,,,0
JAMES CARVILLE,James Carville,,,,,0
JAMES CLAPPER,James Clapper,,,,,0
JAMES CLINTON VOTER,James Clinton,,,,,0
JAMES COMEY,James Comey,,,,,0
JAMES STOCKDALE,James Stockdale,,,,,0
JAMIE DIMON,Jamie Dimon,,,,,0
JAN CRAWFORD,Jan Crawford,,,,,0
JAN HOOKS,Jan Hooks,,,,,0
JAN RADER,Jan Rader,,,,,0
JANE FONDA,Jane Fonda,,,,,0
JANE HARMAN,Jane Harman,,,,,0
JANICE CICCO,Janice Cicco,,,,,0
JASON SUDEIKIS,Jason Sudeikis,,,,,0
JAVAD ZARIF,Javad Zarif,,,,,0
JAY HELTON,Jay Helton,,,,,0
JAY SEKULOW,Jay Sekulow,,,,,0
JAY WEBER,Jay Weber,,,,,0
JEAN CHARLES BRISARD,Jean Charles,,,,,0
JEAN CHARLES BRISARD TERRORISM AND SECURITY EXPERT,Jean Charlse Brisard,,sme,,,0.25
JEANINE PIRRO,Jeanine Pirro,,,,,0
JEB BUSH,Jeb Bush,white,elected,rep,male,1
Jeb Bush,Jeb Bush,white,elected,rep,male,1
JEB BUSH ON TAPE,Jeb Bush,white,elected,rep,male,1
JEFF FLAKE,Jeff Flake,,,,,0
JEFF GREENBERG,Jeff Greenberg,,,,,0
JEFF GREENFIELD,Jeff Greenfield,,,,,0
JEFF PASH,Jeff Pash,,,,,0
JEFF ROE,Jeff Roe,,,,,0
JEFF SESSIONS,Jeff Sessions,,,,,0
JEFFREY GOLDBERG,Jeffrey Goldberg,,,,,0
JEH JOHNSON,Jeh Johnson,,,,,0
JENNIFER JACOBS,Jennifer Jacobs,,,,,0
JENNIFER MILLER,Jennifer Miller,,,,,0
JENNIFER PALMIERI,Jennifer Palmieri,,,,,0
JENNIFER RUBEN,Jennifer Ruben,,,,,0
JENNIFER RUBIN,Jennifer Rubin,,,,,0
Jennifer Rubin,Jennifer Rubin,,,,,0
JENNIFER SATTERFIELD,Jennifer Satterfield,,,,,0
JEREMY BASH,Jeremy Bash,,,,,0
JERRY BROWN,Jerry Brown,,,,,0
JERRY BROWN 1,Jerry Brown,,,,,0
JERRY BROWN CLIP 2,Jerry Brown,,,,,0
JERRY SEIB,Jerry Seib,,,,,0
JERRY SEINFELD,Jerry Seinfeld,,,,,0
JESSICA LEEDS,Jessica Leeds,,,,,0
JIHADI JOHN,Jihadi John,,,,,0
JIM BENNETT,Jim Bennett,,,,,0
JIM BROWN,Jim Brown,,,,,0
JIM CRAMER,Jim Cramer,,,,,0
JIM DONOVAN,Jim Donovan,,,,,0
JIM HIMES,Jim Himes,,,,,0
JIM KELLY OFF CAMERA AT THE 2015 NFL HONORS,Jim Kelly,,,,,0
JIM VANCE,Jim Vance,,,,,0
JIM VANDEHEI,Jim Vandehei,,,,,0
JIM WIDMEYER,Jim Widmeyer,,,,,0
JIMMY CARTER,Jimmy Carter,,,,,0
JIMMY FALLON,Jimmy Fallon,,,,,0
JIMMY KIMMEL,Jimmy Kimmel,,,,,0
JJ WATT,Jj Watt,,,,,0
JM BERGER,Jm Berger,,,,,0
JOE BIDEN,Joe Biden,white,elected,dem,male,1
JOE LOCKHART,Joe Lockhart,,,,,0
JOE MANCHIN,Joe Manchin,,,,,0
JOE MCQUAID,Joe Mcquaid,,,,,0
JOE SCARBOROUGH,Joe Scarborough,,,,,0
JOE TOOHEY,Joe Toohey,,,,,0
JOEL BENENSON,Joel Benenson,,,,,0
John Anderson,John Anderson,,,,,0
JOHN BOEHNER,John Boehner,,,,,0
JOHN BOEHNER TAPE,John Boehner,,,,,0
JOHN BRENNAN,John Brennan,,,,,0
JOHN CARLIN,John Carlin,,,,,0
JOHN CORNYN,John Cornyn,,,,,0
JOHN F KENNEDY,John F,,,,,0
JOHN GIBBONS,John Gibbons,,,,,0
JOHN GLENN,John Glenn,,,,,0
JOHN HARWOOD,John Harwood,,,,,0
JOHN KASICH,John Kasich,,,,,0
JOHN KELLY,John Kelly,,,,,0
JOHN KERRY,John Kerry,,,,,0
JOHN LEWIS,John Lewis,,,,,0
JOHN LOVETT,John Lovett,,,,,0
JOHN MCCAIN,John Mccain,,,,,0
JOHN McCAIN,John Mccain,,,,,0
JOHN MCLAUGHLIN,John Mclaughlin,,,,,0
JOHN NICHOLS,John Nichols,,,,,0
JOHN PODESTA,John Podesta,,,,,0
JOHN STANTON,John Stanton,,,,,0
JOHN SUNUNU,John Sununu,,,,,0
JON ALTERMAN,Jon Alterman,,,,,0
JON MEACHAM,Jon Meacham,,,,,0
JON OSSOFF,Jon Ossoff,,,,,0
JON RALSTON,Jon Ralston,,,,,0
JON RUDNITSKI,Jon Rudnitski,,,,,0
JON STEWART,Jon Stewart,,,,,0
Jonah Goldberg,Jonah Goldberg,,,,,0
JONATHAN MARTIN,Jonathan Martin,,,,,0
JONATHAN RAUCH,Jonathan Rauch,,,,,0
JONI ERNST,Joni Ernst,,,,,0
JORDAN FRASIER,Jordan Frasier,,,,,0
JOSE ANTONIO VARGAS,Jose Antonio,,,,,0
JOSE DIAZ BALART,Jose Diaz,,,,,0
JOSH EARNEST,Josh Earnest,,,,,0
JOY ANN REID,Joy Ann,,,,,0
JOY REID,Joy Reid,,,,,0
JUAN ZARATE,Juan Zarate,,,,,0
JUDY SCOTT,Judy Scott,,,,,0
JULIA LOUIS DREYFUS,Julia Louis,,,,,0
JULIAN ASSANGE,Julian Assange,,,,,0
JULIAN BOND,Julian Bond,,,,,0
JULIUS KREIN,Julius Krein,,,,,0
JUSTICE SCALIA,Justice Scalia,,,,,0
KAHTLEEN PARKER,Kahtleen Parker,,,,,0
KAILANI KOENIG,Kailani Koenig,,,,,0
Kaitlyn Leitl,Kaitlyn Leitl,,,,,0
KAREEM ABDUL JABBAR,Kareem Abdul,,,,,0
KAREN FINNEY,Karen Finney,,,,,0
KASIE HUNT,Kasie Hunt,,,,,0
KASSEM ALLIE ISLAMIC CENTER OF AMERICA,Kassem Allie,,activist,,male,0.5
KATE McKINNON,Kate Mckinnon,,,,,0
KATE MCKINNON,Kate Mckinnon,,,,,0
KATE MCKINNON AS HILLARY CLINTON,Kate Mckinnon,white,impersonator,dem,female,1
KATE McKINNON AS HILLARY CLINTON,Kate Mckinnon,white,impersonator,dem,female,1
KATE MCKINNON ON TAPE,Kate Mckinnon,,,,,0
Kate O<U+0092>Beirne,Kate O,,,,,0
KATHLEEN PARKER,Kathleen Parker,,,,,0
KATHLEEN SEBELIUS,Kathleen Sebelius,,,,,0
KATIE PACKER,Katie Packer,,,,,0
KATRINA PIERSON,Katrina Pierson,,,,,0
KATTY KAY,Katty Kay,,,,,0
KATY TUR,Katy Tur,,,,,0
Katy Tur,Katy Tur,,,,,0
KAYLA MOORE,Kayla Moore,,,,,0
KAYLA MUELLER S FATHER ON TAPE,Kayla Mueller's Father,,,,,0
KEIR SIMMONS,Keir Simmons,,,,,0
KELLI WARD,Kelli Ward,,,,,0
KELLY AYOTTE,Kelly Ayotte,,,,,0
KELLY O DONNELL,Kelly O,,,,,0
KELLY O<U+0092>DONNELL,Kelly O,,,,,0
KELLY TUR,Kelly Tur,,,,,0
KELLYANNE CONWAY,Kellyanne Conway,,,,,0
KENAN THOMPSON,Kenan Thompson,,,,,0
KENDAL UNRUH,Kendal Unruh,,,,,0
KENNETH RAY,Kenneth Ray,,,,,0
KEVIN MADDEN,Kevin Madden,,,,,0
KEVIN MCCARTHY,Kevin Mccarthy,,,,,0
KEVIN SPACEY,Kevin Spacey,,,,,0
KEVIN TIBBLES,Kevin Tibbles,,,,,0
KEVIN TIBBLES V O,Kevin Tibbles,,,,,0
KHIZR KHAN,Khizr Khan,,,,,0
KHIZR Khan,Khizr Khan,,,,,0
KIKI MCLEAN,Kiki Mclean,,,,,0
KIM STRASSEL,Kim Strassel,,,,,0
KIMBERLEY STRASSEL,Kimberley Strassel,,,,,0
KIMBERLY STRASSEL,Kimberly Strassel,,,,,0
KISHANNA BROWN,Kishanna Brown,,,,,0
KRISTEN WELKER,Kristen Welker,,,,,0
KRISTIN ANDERSON,Kristin Anderson,,,,,0
KYLE BROFLOVSKI,Kyle Broflovski,,,,,0
LANHEE CHEN,Lanhee Chen,,,,,0
LANNY DAVIS,Lanny Davis,,,,,0
LARRY DAVID,Larry David,,,,,0
Larry David,Larry David,,,,,0
LARRY DAVID AS BERNIE SANDERS,Larry David,white,impersonator,dem,male,1
LARRY KUDLOW,Larry Kudlow,,,,,0
LARRY KUDROW,Larry Kudrow,,,,,0
LAURA INGRAHAM,Laura Ingraham,,,,,0
LAWRENCE O<U+0092>DONNELL,Lawrence O,,,,,0
LAWRENCE SNOWDEN,Lawrence Snowden,,,,,0
LAWRENCE SPIVAK,Lawrence Spivak,,,,,0
LEANNE TWEEDEN,Leanne Tweeden,,,,,0
LEBRON JAMES,Lebron James,,,,,0
LEE GREENWOOD,Lee Greenwood,,,,,0
LEEANN TWEEDEN,Leeann Tweeden,,,,,0
LEON PANETTA,Leon Panetta,,,,,0
LEONARD MARSHALL,Leonard Marshall,,,,,0
LEONARD MARSHALL ON TAPE,Leonard Marshall,,,,,0
LESTER HOLT,Lester Holt,,,,,0
Let me ask you this,Let Me,,,,,0
LINDA SANCHEZ,Linda Sanchez,,,,,0
LINDSAY GRAHAM,Lindsay Graham,,,,,0
LINDSEY GRAHAM,Lindsey Graham,,,,,0
LISA MONACO,Lisa Monaco,,,,,0
LISA MYERS,Lisa Myers,,,,,0
LLOYD BENTSEN,Lloyd Bentsen,,,,,0
LORETTA LYNCH,Loretta Lynch,,,,,0
LORNE MICHAELS,Lorne Michaels,,,,,0
LT GEN H R McMASTER,Lt Gen,,,,,0
LT GEN MICHAEL FLYNN,Lt Gen,white,administration,rep,male,1
LT GENERAL DAN BOLGER,Lt General,,,,,0
LT GENERAL MICHAEL FLYNN,Lt General,white,administration,rep,male,1
LT GOV DAN PATRICK,Lt Gov,,,,,0
LUCRECE PHILLIPS,Lucrece Phillips,,,,,0
LUKE RUSSERT,Luke Russert,,,,,0
LYNDON B JOHNSON,Lyndon B,,,,,0
MAGGIE HABERMAN,Maggie Haberman,,,,,0
MAJ GEN BRETT WILLIAMS,Maj Gen,,,,,0
MAJOR GARRETT,Major Garrett,,,,,0
MALCOLM GLADWELL,Malcolm Gladwell,,,,,0
MALE ANNOUNCER,Male Announcer,,,,,0
MALE BYSTANDER,Male Bystander,,,,,0
MALE CHARLOTTESVILLE WITNESS,Charlottesville Witness,,sme,,male,0.5
MALE CONVICT,Male Convict,,,,,0
MALE DELEGATE,Male Delegate,,,,,0
MALE INMATE 1,Male Inmate,,,,,0
MALE INMATE 2,Male Inmate,,,,,0
MALE INMATE 3,Male Inmate,,,,,0
MALE NARRATOR,Male Narrator,,,,,0
MALE REPORTER,Male Reporter,,,,,0
MALE SPEAKER,Male Speaker,,,,,0
MALE SUPPORTER,Male Supporter,,,,,0
MALE TRUMP SUPPORTER,Male Trump,,,,,0
MALE TRUMP VOTER 1,Male Trump,,,,,0
MALE TRUMP VOTER 2,Male Trump,,,,,0
MALE TRUMP VOTER 3,Male Trump,,,,,0
MALE TRUMP VOTER 4,Male Trump,,,,,0
MALE VOICE,Male Voice,,,,,0
MALE VOICE 1,Male Voice,,,,,0
MALE VOICE 2,Male Voice,,,,,0
MALE VOICE 3,Male Voice,,,,,0
MALE VOLUNTEER,Male Volunteer,,,,,0
MALE VOTER,Male Voter,,,,,0
MALE VOTER 1,Male Voter,,,,,0
MALE VOTER 2,Male Voter,,,,,0
MALE VOTER 3,Male Voter,,,,,0
MALE VOTER 4,Male Voter,,,,,0
MALE VOTER 5,Male Voter,,,,,0
MALE VOTER 6,Male Voter,,,,,0
MAN IN SHELTER,Man In,,,,,0
MANU RAJU,Manu Raju,,,,,0
MARC ALLAN FELDMAN,Marc Allan,,,,,0
MARC CAPUTO,Marc Caputo,,,,,0
MARC SHORT,Marc Short,,,,,0
MARCHERS,,,,,,0
MARCO CAPUTO,Marco Caputo,,,,,0
MARCO RUBIO,Marco Rubio,,,,,0
MARIA HINOJOSA,Maria Hinojosa,,,,,0
MARIA SHRIVER,Maria Shriver,,,,,0
MARIA TERESA KUMAR,Maria Teresa,,,,,0
MARILYN MOSBY,Marilyn Mosby,,,,,0
MARILYN MOSBY TAPE,Marilyn Mosby,,,,,0
MARIO CUOMO,Mario Cuomo,,,,,0
MARIO LOPEZ,Mario Lopez,,,,,0
MARISOL AGUERO,Marisol Aguero,,,,,0
MARK CUBAN,Mark Cuban,,,,,0
MARK HALPERIN,Mark Halperin,,,,,0
Mark Kobber,Mark Kobber,,,,,0
MARK LEIBOVICH,Mark Leibovich,,,,,0
MARK LEVIN,Mark Levin,,,,,0
MARK MECKLER,Mark Meckler,,,,,0
MARK MURRAY,Mark Murray,,,,,0
MARSHAWN LYNCH ON TAPE,Marshawn Lynch,,,,,0
MARTHA ROUNTREE,Martha Rountree,,,,,0
MARTIN KALB,Martin Kalb,,,,,0
MARTIN LUTHER KING,Martin Luther,,,,,0
MARTIN O MALLEY,Martin O,,,,,0
MARTIN O<U+0092>MALLEY,Martin O,,,,,0
MARVIN KALB,Marvin Kalb,,,,,0
MARY BONAUTO,Mary Bonauto,,,,,0
MARY MATALIN,Mary Matalin,,,,,0
Mary Tyler Moore,Mary Tyler,,,,,0
MATT BAI,Matt Bai,,,,,0
MATT LAUER,Matt Lauer,,,,,0
MATTHEW CONTINETTI,Matthew Continetti,,,,,0
MATTHEW ROJANSKY,Matthew Rojansky,,,,,0
MAUREEN DOWD,Maureen Dowd,,,,,0
MAURICE JONES RECORDING,Maurice Jones,,,,,0
MAURICE WIENER,Maurice Wiener,,,,,0
MAYOR CARMEN YULIN CRUZ,Mayor Carmen,,,,,0
MAYOR ERIC GARCETTI,Mayor Eric,,,,,0
MAYOR MICHAEL SIGNER,Mayor Michael,,,,,0
MAYOR MURIEL BOWSER,Mayor Muriel,,,,,0
MAYOR STEPHANIE RAWLINGS BLAKE,Stephanie Rawlings Blake,black,mayor,dem,female,1
MAYOR SYLVESTER TURNER,Mayor Sylvester,,,,,0
MEGAN HEIMER,Megan Heimer,,,,,0
MEGAN HEIMER ON TAPE,Megan Heimer,,,,,0
MEGAN MCGRATH,Megan Mcgrath,,,,,0
MEGYN KELLY,Megyn Kelly,,,,,0
MELISSA HARRIS PERRY,Melissa Harris,,,,,0
MELISSA TRUMP VOTER,Melissa Trump,,,,,0
MEMORIAL SERVICE SPEAKER,Memorial Service,,,,,0
MEREDITH VIEIRA,Meredith Vieira,,,,,0
MICAH ZENKO,Micah Zenko,,,,,0
MICHAEL BLOOMBERG,Michael Bloomberg,white,elected,ind,male,1
MICHAEL CHE,Michael Che,,,,,0
MICHAEL CHE AS LESTER HOLT,Michael Che,black,entertainer,dem,male,1
MICHAEL DAVEY,Michael Davey,,,,,0
MICHAEL DELEON,Michael Deleon,,,,,0
MICHAEL ERIC DYSON,Michael Eric,,,,,0
MICHAEL FLYNN,Michael Flynn,white,administration,rep,male,1
MICHAEL GERSON,Michael Gerson,,,,,0
MICHAEL LEITER,Michael Leiter,,,,,0
MICHAEL MCCAUL,Michael Mccaul,,,,,0
MICHAEL MCFAUL,Michael Mcfaul,,,,,0
MICHAEL MOORE,Michael Moore,,,,,0
MICHAEL STEELE,Michael Steele,,,,,0
MICHAEL WOLFF,Michael Wolff,,,,,0
MICHELANGELO IVONE,Michelangelo Ivone,,,,,0
MICHELLE BACHMANN,Michelle Bachmann,,,,,0
MICHELLE OBAMA,Michelle Obama,black,other,dem,male,1
MICK MULVANEY,Mick Mulvaney,,,,,0
MICKEY KAUS,Mickey Kaus,,,,,0
MIGUEL ALMAGUER,Miguel Almaguer,,,,,0
MIKE BLOOMBERG,Michael Bloomberg,white,elected,ind,male,1
MIKE COFFMAN,Mike Coffman,,,,,0
MIKE FLYNN,Mike Flynn,white,administration,rep,male,1
MIKE HUCKABEE,Mike Huckabee,,,,,0
MIKE HUCKABEE ON TAPE,Mike Huckabee,,,,,0
MIKE LEE,Mike Lee,,,,,0
MIKE MCFAUL,Mike Mcfaul,,,,,0
MIKE MURPHY,Mike Murphy,,,,,0
MIKE PENCE,Mike Pence,white,elected,rep,male,1
MIKE POMPEO,Mike Pompeo,,,,,0
MIKE ROWE,Mike Rowe,,,,,0
MIKE TIRICO,Mike Tirico,,,,,0
MITCH MCCONNELL,Mitch Mcconnell,,,,,0
MITT ROMNEY,Mitt Romney,,,,,0
MITT ROMNEY ON TAPE,Mitt Romney,,,,,0
MO UDALL,Mo Udall,,,,,0
MOHAMMED ABDRABBOH DEARBORN LAWYER,Mohammed Abdrabboh,,activist,,male,0.5
MOHAMMED AL KIBSI,Mohammed Al,,,,,0
MOLLY BALL,Molly Ball,,,,,0
MONICA ALBA,Monica Alba,,,,,0
MOORE SUPPORTER 1,Moore Supporter,,,,,0
MOORE SUPPORTER 2,Moore Supporter,,,,,0
MOORE SUPPORTER 3,Moore Supporter,,,,,0
MORGAN FREEMAN,Morgan Freeman,,,,,0
MOS INTERVIEW,Mos Interview,,,,,0
Most important,Most Important,,,,,0
MR AMB ROBERT FORD,Mr Amb,,,,,0
MUHAMMAD ALI,Muhammad Ali,,,,,0
MUJTABA RAHMAN,Mujtaba Rahman,,,,,0
NANCY PELOSI,Nancy Pelosi,white,elected,dem,female,1
NANCY REAGAN,Nancy Reagan,,,,,0
NARRATOR,,,,,,0
NATALIE MORALES,Natalie Morales,,,,,0
NATHAN GONZALES,Nathan Gonzales,,,,,0
NED BROOKS,Ned Brooks,,,,,0
NEERA TANDEN,Neera Tanden,,,,,0
NEIL NEWHOUSE,Neil Newhouse,,,,,0
NEWS ANCHOR,News Anchor,,,,,0
NEWT GINGRICH,Newt Gingrich,,,,,0
NIA MALIKA HENDERSON,Nia Malika,,,,,0
NICHOLLE WALLACE,Nicholle Wallace,,,,,0
NICK FETAHU,Nick Fetahu,,,,,0
Nicolle Wallace,Nicolle Wallace,,,,,0
NICOLLE WALLACE,Nicolle Wallace,,,,,0
NIGEL FARAGE,Nigel Farage,,,,,0
NIKKI HALEY,Nikki Haley,,,,,0
NINA TURNER,Nina Turner,,,,,0
Now here s the issue,Now Here,,,,,0
NUALA O CONNOR,Nuala O,,,,,0
O<U+0092>MALLEY SUPPORTER,O<U,,,,,0
OFFICER SLAGER,Officer Slager,,,,,0
OMB DIR MICK MULVANEY,Omb Dir,,,,,0
One word for you,One Word,,,,,0
ORRIN HATCH,Orrin Hatch,,,,,0
Panel is here,Panel Is,,,,,0
PASTOR JOANN HUMMEL,Pastor Joann,,,,,0
PASTOR MARK BURNS,Pastor Mark,,,,,0
PAT BUCHANAN,Pat Buchanan,,,,,0
PAT TOOMEY,Pat Toomey,,,,,0
PATRICK KENNEDY,Patrick Kennedy,,,,,0
PATRICK KENNEDY TAPE,Patrick Kennedy,,,,,0
PAUL LEPAGE,Paul Lepage,,,,,0
PAUL MANAFORT,Paul Manafort,,,,,0
PAUL RYAN,Paul Ryan,,,,,0
PAUL RYAN ON TAPE,Paul Ryan,,,,,0
PAUL WOLFOWITZ,Paul Wolfowitz,,,,,0
PEGGY NOONAN,Peggy Noonan,,,,,0
PERRY BACON,Perry Bacon,,,,,0
PERRY BACON JR,Perry Bacon,,,,,0
PERRY HOOPER JR,Perry Hooper,,,,,0
PETE WILLIAMS,Pete Williams,,,,,0
PETER ALEXANDER,Peter Alexander,,,,,0
PETER HART,Peter Hart,,,,,0
PHIL HARTMAN,Phil Hartman,,,,,0
PHIL MURPHY,Phil Murphy,,,,,0
POLICE OFFICER DANNY BANKS,Danny Banks,,sme,,,0.25
POPE FRANCIS,Pope Francis,,,,,0
PRES BARACK OBAMA,Pres Barack,black,elected,dem,male,1
PRES BILL CLINTON,Bill Clinton,white,elected,dem,male,1
PRES DONALD TRUMP,Pres Donald,,,,,0
PRES GEORGE H W BUSH,Pres George,,,,,0
PRES JOHN F KENNEDY,Pres John,,,,,0
PRES OBAMA,Pres Obama,black,elected,dem,male,1
PRES TRUMP,Pres Trump,,,,,0
PRES VLADIMIR PUTIN,Pres Vladimir,,,,,0
PRESIDENT BARACK OBAMA,President Barack,black,elected,dem,male,1
PRESIDENT BILL CLINTON,Bill Clinton,white,elected,dem,male,1
PRESIDENT BUSH,President Bush,white,elected,rep,male,1
PRESIDENT CLINTON,President Clinton,,,,,0
PRESIDENT DONALD TRUMP,President Donald,,,,,0
PRESIDENT GEORGE H W BUSH,President George,,,,,0
PRESIDENT GEORGE W BUSH,President George,,,,,0
PRESIDENT JIMMY CARTER,President Jimmy,,,,,0
PRESIDENT JOHN F KENNEDY,President John,,,,,0
PRESIDENT JOHN KENNEDY,President John,,,,,0
PRESIDENT KENNEDY,President Kennedy,,,,,0
PRESIDENT NIXON,President Nixon,,,,,0
PRESIDENT OBAMA,President Obama,black,elected,dem,male,1
PRESIDENT OBAMA ON TAPE,President Obama,black,elected,dem,male,1
PRESIDENT OBAMA TAPE,President Obama,black,elected,dem,male,1
PRESIDENT REAGAN,President Reagan,,,,,0
PRESIDENT RICHARD NIXON,President Richard,,,,,0
PRESIDENT RONALD REAGAN,President Ronald,,,,,0
PRESIDENT TRUMP,President Trump,,,,,0
PRESS SECRETARY SEAN SPICER,Sean Spicer,white,administration,rep,male,1
PROTESTERS,Protester,,,,,0
PROTESTOR,Protestor,,,,,0
PROTESTORS,Protestor,,,,,0
QUESTION 1,Question 1,,,,,0
QUESTION 2,Question 2,,,,,0
Question 2,Question 2,,,,,0
Quote,,,,,,0
RABBI DAVID SAPERSTEIN,Rabbi David,,,,,0
RACHEL MADDOW,Rachel Maddow,,,,,0
RADIO,,,,,,0
RADIO AD,Radio Ad,,,,,0
Radio host Mark Levin,Radio Host,,,,,0
RAJ SHAH,Raj Shah,,,,,0
RAMESH PONNURU,Ramesh Ponnuru,,,,,0
RAND PAUL,Rand Paul,,,,,0
REINCE PRIEBUS,Reince Priebus,,,,,0
REINEC PRIEBUS,Reinec Priebus,,,,,0
REP,,,,,,0
REP ADAM SCHIFF,Rep Adam,,,,,0
REP BARBARA COMSTOCK,Rep Barbara,,,,,0
REP BARBARA LEE,Rep Barbara,,,,,0
REP BARNEY FRANK,Rep Barney,,,,,0
REP BOB GOODLATTE,Rep Bob,,,,,0
REP CEDRIC RICHMOND,Rep Cedric,,,,,0
REP CHARLIE DENT,Rep Charlie,,,,,0
REP CHARLIE RANGEL,Rep Charlie,,,,,0
REP CHRIS VAN HOLLEN,Rep Chris,,,,,0
REP DARRELL ISSA,Rep Darrell,,,,,0
REP DAVE BARAT,Rep Dave,,,,,0
REP DAVE BRAT,Rep Dave,,,,,0
REP DEBBIE DINGELL,Rep Debbie,,,,,0
REP DEBBIE WASSERMAN SCHULTZ,Debbie Wasserman Schultz,white,elected,dem,female,1
REP DEVIN NUNES,Rep Devin,,,,,0
REP DIANE BLACK,Rep Diane,,,,,0
REP DONNA EDWARDS,Rep Donna,,,,,0
REP GREG WALDEN,Rep Greg,,,,,0
REP JACKIE SPEIER,Rep Jackie,,,,,0
REP JAMES CLYBURN,Rep James,,,,,0
REP JAN SCHAKOWSKY,Rep Jan,,,,,0
REP JASON CHAFFETZ,Rep Jason,,,,,0
REP JIM HIMES,Rep Jim,,,,,0
REP JIM JORDAN,Rep Jim,,,,,0
REP JIM RENACCI,Rep Jim,,,,,0
REP JIM TRAFICANT,Rep Jim,,,,,0
REP JOE CROWLEY,Rep Joe,,,,,0
REP JOHN BOEHNER,Rep John,,,,,0
REP JOHN LEWIS,Rep John,,,,,0
REP JUSTIN AMASH,Rep Justin,,,,,0
REP KATHLEEN RICE,Rep Kathleen,,,,,0
REP KEITH ELLISON,Rep Keith,,,,,0
REP KEVIN BRADY,Rep Kevin,,,,,0
REP KEVIN MCCARTHY,Rep Kevin,,,,,0
REP MARK MEADOWS,Rep Mark,,,,,0
REP MARSHA BLACKBURN,Rep Marsha,,,,,0
REP MARTHA MCSALLY,Rep Martha,,,,,0
REP MATT GAETZ,Rep Matt,,,,,0
REP MAXINE WATERS,Rep Maxine,,,,,0
REP MICK MULVANEY,Rep Mick,,,,,0
REP MIKE COFFMAN,Rep Mike,,,,,0
REP MIKE POMPEO,Rep Mike,,,,,0
REP MO BROOKS,Rep Mo,,,,,0
REP NANCY PELOSI,Rep Nancy,white,elected,dem,female,1
REP PAUL RYAN,Rep Paul,,,,,0
REP PETER KING,Rep Peter,,,,,0
REP PETER KING ON TAPE,Rep Peter,,,,,0
REP PETER ROSKAM,Rep Peter,,,,,0
REP RA<da>L LABRADOR,Rep Ra,,,,,0
REP RICHARD HANNA,Rep Richard,,,,,0
REP ROD BLUM,Rep Rod,,,,,0
REP RODNEY DAVIS,Rep Rodney,,,,,0
REP SCOTT TAYLOR,Rep Scott,,,,,0
REP STEVE SCALISE,Rep Steve,,,,,0
REP THOMAS MASSIE,Rep Thomas,,,,,0
REP TIM HUELSKAMP,Rep Tim,,,,,0
REP TIM RYAN,Rep Tim,,,,,0
REP TOM COLE,Rep Tom,,,,,0
REP TOM REED,Rep Tom,,,,,0
REP TREY GOWDY,Rep Trey,,,,,0
REP TULSI GABBARD,Rep Tulsi,,,,,0
REP VIN WEBER ON TAPE,Rep Vin,,,,,0
REP VIRGINIA FOXX,Rep Virginia,,,,,0
REPORTER,,,,,,0
REPRESENTATIVE NANCY PELOSI,Nancy Pelosi,white,elected,dem,female,1
REV AL SHARPTON,Rev Al,,,,,0
REX TILLERSON,Rex Tillerson,,,,,0
REZA ASLAN,Reza Aslan,,,,,0
RICH LOWRY,Rich Lowry,,,,,0
RICHARD BLUMENTHAL,Richard Blumenthal,,,,,0
RICHARD COHEN,Richard Cohen,,,,,0
RICHARD DORMENT,Richard Dorment,,,,,0
RICHARD ENGEL,Richard Engel,,,,,0
RICHARD ENGEL ON TAPE,Richard Engel,,,,,0
RICHARD ENGEL V O,Richard Engel,,,,,0
RICHARD LOWRY,Richard Lowry,,,,,0
RICHARD NIXON,Richard Nixon,,,,,0
RICHARD REINCE PRIEBUS,Richard Reince,,,,,0
RICHARD VALERIANI ON TAPE,Richard Valeriani,,,,,0
RICK,,,,,,0
RICK LAZIO,Rick Lazio,,,,,0
RICK PERRY,Rick Perry,,,,,0
RICK SANTELLI,Rick Santelli,,,,,0
RICK SANTORUM,Rick Santorum,,,,,0
RICK STENGEL,Rick Stengel,,,,,0
RIYAD MANSOUR,Riyad Mansour,,,,,0
ROBBY MOOK,Robby Mook,,,,,0
ROBERT COSTA,Robert Costa,,,,,0
ROBERT DRAPER,Robert Draper,,,,,0
ROBERT FORD,Robert Ford,,,,,0
ROBERT GATES,Robert Gates,,,,,0
ROBERT GIBBS,Robert Gibbs,,,,,0
ROBERT MALONE,Robert Malone,,,,,0
ROBERT MCDONALD,Robert Mcdonald,,,,,0
ROBERT MCDONALD ON TAPE,Robert Mcdonald,,,,,0
ROBERT SUMWALT ON TAPE,Robert Sumwalt,,,,,0
ROBIN QUIVERS,Robin Quivers,,,,,0
Roger Ailes,Roger Ailes,,,,,0
ROGER GOODELL,Roger Goodell,,,,,0
ROGER MUDD,Roger Mudd,,,,,0
ROGER STONE,Roger Stone,,,,,0
RON ALLEN,Ron Allen,,,,,0
RON AMEN ISLAMIC CENTER OF AMERICA,Ron Amen,,activist,,male,0.5
RON FOURNIER,Ron Fournier,,,,,0
Ron here s the problem,Ron Here,,,,,0
RON MOTT,Ron Mott,,,,,0
RON OLSON,Ron Olson,,,,,0
RONALD REAGAN,Ronald Reagan,,,,,0
RONNA MCDANIEL,Ronna Mcdaniel,,,,,0
RONNA McDANIEL,Ronna Mcdaniel,,,,,0
Rosemary Brunner,Rosemary Brunner,,,,,0
ROSS PEROT,Ross Perot,,,,,0
ROY BLUNT,Roy Blunt,,,,,0
ROY MOORE,Roy Moore,,,,,0
RUDY GIULIANI,Rudy Giuliani,,,,,0
RUDY GIULIANI ON TAPE,Rudy Giuliani,,,,,0
RUSH LIMBAUGH,Rush Limbaugh,,,,,0
RUSS HODGES,Russ Hodges,,,,,0
RUTH MARCUS,Ruth Marcus,,,,,0
SAM ARD,Sam Ard,,,,,0
SAM STEIN,Sam Stein,,,,,0
SARA FAGEN,Sara Fagen,,,,,0
Sara Fagen,Sara Fagen,,,,,0
SARAH BRADY,Sarah Brady,,,,,0
SARAH CHAYES,Sarah Chayes,,,,,0
SARAH HUCKABEE SANDERS,Sarah Huckabee,white,administration,rep,female,1
SARAH PALIN,Sarah Palin,,,,,0
SAVANNAH GUTHRIE,Savannah Guthrie,,,,,0
SCOTT PELLEY,Scott Pelley,,,,,0
SCOTT SPRADLING,Scott Spradling,,,,,0
SCOTT WALKER,Scott Walker,,,,,0
SEAN HANNITY,Sean Hannity,,,,,0
SEAN SPICER,Sean Spicer,,,,,0
SEBASTIAN GORKA,Sebastian Gorka,,,,,0
SEC HILLARY CLINTON,Sec Hillary,,,,,0
SEC JEH JOHNSON,Sec Jeh,,,,,0
SEC JOHN KELLY,Sec John,,,,,0
SEC JOHN KERRY,Sec John,,,,,0
SEC MADELEINE ALBRIGHT,Sec Madeleine,,,,,0
SEC REX TILLERSON,Sec Rex,,,,,0
SEC TOM PRICE,Sec Tom,,,,,0
SECRETARY HILLARY CLINTON,Secretary Hillary,,,,,0
SECRETARY JEH JOHNSON,Secretary Jeh,,,,,0
SECRETARY JOHN KERRY,Secretary John,,,,,0
SECRETARY REX TILLERSON,Secretary Rex,,,,,0
SECRETARY TOM PRICE,Secretary Tom,,,,,0
SECY REX TILLERSON,Secy Rex,,,,,0
SECY STEVE MNUCHIN,Secy Steve,,,,,0
SEN AL FRANKEN,Sen Al,,,,,0
SEN AMY KLOBUCHAR D MN,Sen Amy,,,,,0
SEN ANGUS KING,Sen Angus,,,,,0
SEN BARACK OBAMA,Sen Barack,black,elected,dem,male,1
SEN BERNIE SANDERS,Sen Bernie,white,elected,ind,male,1
SEN BILL CASSIDY,Bill Cassidy,white,elected,rep,male,1
SEN BOB CORKER,Sen Bob,,,,,0
SEN BOB GRAHAM,Sen Bob,,,,,0
SEN CHRIS MURPHY,Sen Chris,,,,,0
SEN CHRIS VAN HOLLEN,Sen Chris,,,,,0
SEN CHUCK GRASSLEY,Sen Chuck,,,,,0
SEN CHUCK SCHUMER,Sen Chuck,,,,,0
Sen Chuck Schumer,Sen Chuck,,,,,0
SEN CHUCK TODD,Sen Chuck,,,,,0
SEN CLAIRE MCCASKILL,Sen Claire,,,,,0
SEN CLAIRE McCASKILL,Sen Claire,,,,,0
SEN CORY BOOKER,Sen Cory,,,,,0
SEN CORY GARDNER,Sen Cory,,,,,0
SEN DANIEL PATRICK MOYNIHAN,Daniel Patrick Moynihan,white,elected,dem,male,1
SEN DEAN HELLER,Sen Dean,,,,,0
SEN DIANNE FEINSTEIN,Sen Dianne,,,,,0
SEN DICK DURBIN,Sen Dick,,,,,0
SEN ED MARKEY,Sen Ed,,,,,0
SEN ELIZABETH WARREN,Sen Elizabeth,,,,,0
SEN GRAHAM,Sen Graham,,,,,0
SEN HARRY REID,Sen Harry,,,,,0
SEN HEIDI HEITKAMP,Sen Heidi,,,,,0
SEN JACK REED,Sen Jack,,,,,0
SEN JAMES INHOFE ON TAPE,Sen James,,,,,0
SEN JAMES LANKFORD,Sen James,,,,,0
SEN JEFF FLAKE,Sen Jeff,,,,,0
SEN JEFF SESSIONS,Sen Jeff,,,,,0
SEN JIM INHOFE,Sen Jim,,,,,0
SEN JOE LIEBERMAN,Sen Joe,,,,,0
SEN JOE MANCHIN,Sen Joe,,,,,0
SEN JOHN CORNYN,Sen John,,,,,0
SEN JOHN McCAIN,Sen John,,,,,0
SEN JOHN MCCAIN,Sen John,,,,,0
SEN JOHN McCain,Sen John,,,,,0
SEN JOHN THUNE,Sen John,,,,,0
SEN JOHNNY ISAKSON,Sen Johnny,,,,,0
SEN JON TESTER,Sen Jon,,,,,0
SEN JONI ERNST,Sen Joni,,,,,0
SEN KAMALA HARRIS,Sen Kamala,,,,,0
SEN KELLY AYOTTE,Sen Kelly,,,,,0
SEN KIRSTEN GILLIBRAND,Sen Kirsten,,,,,0
SEN LAMAR ALEXANDER,Sen Lamar,,,,,0
SEN LINDSEY GRAHAM,Sen Lindsey,,,,,0
SEN LISA MURKOWSKI,Sen Lisa,,,,,0
SEN MARCO RUBIO,Sen Marco,,,,,0
SEN MARK WARNER,Sen Mark,,,,,0
SEN MICHAEL BENNET,Sen Michael,,,,,0
SEN MIKE LEE,Sen Mike,,,,,0
SEN MITCH MCCONNELL,Sen Mitch,,,,,0
SEN MITCH McCONNELL,Sen Mitch,,,,,0
Sen Mitch McConnell,Sen Mitch,,,,,0
SEN MITCH McCONNELL R KY,Sen Mitch,,,,,0
SEN PAT TOOMEY,Sen Pat,,,,,0
SEN RAND PAUL,Sen Rand,,,,,0
SEN RAND PAUL R KY,Sen Rand,,,,,0
SEN RICHARD BURR,Sen Richard,,,,,0
SEN RICHARD SHELBY,Sen Richard,,,,,0
SEN ROB PORTMAN,Sen Rob,,,,,0
SEN ROGER WICKER,Sen Roger,,,,,0
SEN RON JOHNSON,Sen Ron,,,,,0
SEN ROY BLUNT,Sen Roy,,,,,0
SEN SHELLEY MOORE CAPITO,Sen Shelley,,,,,0
SEN SHERROD BROWN,Sen Sherrod,,,,,0
SEN SHERROD BROWN D OH,Sen Sherrod,,,,,0
SEN SUSAN COLLINS,Sen Susan,,,,,0
SEN TED CRUZ,Sen Ted,,,,,0
SEN TED CRUZ ON TAPE,Sen Ted,,,,,0
SEN TIM KAINE,Sen Tim,,,,,0
SEN TIM SCOTT,Sen Tim,,,,,0
SEN TOM COTTON,Sen Tom,,,,,0
SEN VAN HOLLEN,Sen Van,,,,,0
SENATOR AMY KLOBUCHAR,Senator Amy,,,,,0
SENATOR ANGUS KING,Senator Angus,,,,,0
SENATOR BERNIE SANDERS,Senator Bernie,white,elected,ind,male,1
SENATOR BOB CORKER,Senator Bob,,,,,0
SENATOR BOOKER,Senator Booker,,,,,0
SENATOR CHUCK SCHUMER,Senator Chuck,,,,,0
SENATOR CLAIRE MCCASKILL,Senator Claire,,,,,0
SENATOR CORY BOOKER,Senator Cory,,,,,0
SENATOR CORY BOOKER ON TAPE,Cory Booker,black,elected,dem,male,1
SENATOR DIANNE FEINSTEIN,Senator Dianne,,,,,0
SENATOR ELIZABETH WARREN,Senator Elizabeth,,,,,0
Senator Feinstein,Senator Feinstein,,,,,0
SENATOR JACK REED,Senator Jack,,,,,0
SENATOR JEFF FLAKE,Senator Jeff,,,,,0
SENATOR JOHN BARRASSO,Senator John,,,,,0
SENATOR JOHN MCCAIN,Senator John,,,,,0
SENATOR LINDSEY GRAHAM,Senator Lindsey,,,,,0
SENATOR MARCO RUBIO,Senator Marco,,,,,0
SENATOR MCCARTHY,Senator Mccarthy,,,,,0
SENATOR MICHAEL BENNET,Senator Michael,,,,,0
SENATOR MITCH MCCONNELL,Senator Mitch,,,,,0
SENATOR PAT TOOMEY,Senator Pat,,,,,0
SENATOR RAND PAUL,Senator Rand,,,,,0
SENATOR ROY BLUNT,Senator Roy,,,,,0
SENATOR SUSAN COLLINS,Senator Susan,,,,,0
SENATOR TED CRUZ,Senator Ted,,,,,0
SENATOR TIM KAINE,Senator Tim,,,,,0
SENATOR TOM COTTON,Senator Tom,,,,,0
SERGEI LAVROV,Sergei Lavrov,,,,,0
SETH MEYERS,Seth Meyers,,,,,0
SETH MEYERS ON TAPE,Seth Meyers,,,,,0
SETH MNOOKIN,Seth Mnookin,,,,,0
SHADI HAMID,Shadi Hamid,,,,,0
SHAQUILLE BREWSTER,Shaquille Brewster,,,,,0
SHELDON ADELSON,Sheldon Adelson,,,,,0
SHERRILYN IFILL,Sherrilyn Ifill,,,,,0
SHERROD BROWN,Sherrod Brown,,,,,0
SHIRLEY CHISHOLM,Shirley Chisholm,,,,,0
SHOUT FROM CROWD,Shout From,,,,,0
Simple question,Simple Question,,,,,0
SINGING VOICES,Singing Voices,,,,,0
SNL ACTOR,Snl Actor,,,,,0
So Friday at 3,So Friday,,,,,0
SPEAKER JOHN BOEHNER,Speaker John,,,,,0
SPEAKER PAUL RYAN,Speaker Paul,,,,,0
SPENCE JACKSON,Spence Jackson,,,,,0
SPIKE LEE,Spike Lee,,,,,0
SPORTS ANNOUNCER,Sports Announcer,,,,,0
STEPHANIE CUTTER,Stephanie Cutter,,,,,0
STEPHANIE RAWLINGS BLAKE,Stephanie Rawlings,,,,,0
STEPHEN COLBERT,Stephen Colbert,,,,,0
STEPHEN HADLEY,Stephen Hadley,,,,,0
STEPHEN HAYES,Stephen Hayes,,,,,0
STEPHEN HENDERSON,Stephen Henderson,,,,,0
STEPHEN MILLER,Stephen Miller,,,,,0
STEVE BANNON,Steve Bannon,,,,,0
STEVE DEACE,Steve Deace,,,,,0
STEVE KENNEDY,Steve Kennedy,,,,,0
STEVE KORNACKI,Steve Kornacki,,,,,0
STEVE SCHMIDT,Steve Schmidt,,,,,0
STEVEN BAZZILLA,Steven Bazzilla,,,,,0
STEVEN JACOBS,Steven Jacobs,,,,,0
STEVEN LAW,Steven Law,,,,,0
STONE PHILLIPS,Stone Phillips,,,,,0
STORE OWNER,Store Owner,,,,,0
STUART STEVENS,Stuart Stevens,,,,,0
SUMMER ZERVOS,Summer Zervos,,,,,0
SUSAN PAGE,Susan Page,,,,,0
SUSAN RICE,Susan Rice,,,,,0
SUSAN RICE ON TAPE,Susan Rice,,,,,0
TA NEHISI COATES,Ta Nehisi,,,,,0
Tahera Ahmad,Tahera Ahmad,,,,,0
TAVIS SMILEY,Tavis Smiley,,,,,0
TED CRUZ,Ted Cruz,,,,,0
TED CRUZ TAPE,Ted Cruz,,,,,0
TED KOPPEL,Ted Koppel,,,,,0
TED NUGENT,Ted Nugent,,,,,0
TED OLSON,Ted Olson,,,,,0
TERRY MCAULIFFE,Terry Mcauliffe,,,,,0
THEN GOVERNOR BILL CLINTON,Bill Clinton,white,elected,dem,male,1
THERESA CEDE,Theresa Cede,,,,,0
THERESA MAY,Theresa May,,,,,0
This Sunday,This Sunday,,,,,0
THOM TILLIS,Thom Tillis,,,,,0
THOMAS FRIEDMAN,Thomas Friedman,,,,,0
THOMAS HANDZLIK,Thomas Handzlik,,,,,0
TIM KAINE,Tim Kaine,,,,,0
TIM RUSSERT,Tim Russert,,,,,0
TINA FEY,Tina Fey,,,,,0
TINA JOHNSON,Tina Johnson,,,,,0
TODD,Chuck Todd,white,journalist,na,male,1
TOM BARRACK,Tom Barrack,,,,,0
TOM BRADY,Tom Brady,,,,,0
TOM BROKAW,Tom Brokaw,,,,,0
Tom Brokaw,Tom Brokaw,,,,,0
TOM COSTELLO,Tom Costello,,,,,0
TOM DAVIS,Tom Davis,,,,,0
TOM DONILON,Tom Donilon,,,,,0
TOM FRIEDMAN,Tom Friedman,,,,,0
TOM HANKS,Tom Hanks,,,,,0
TOM HARKIN,Tom Harkin,,,,,0
TOM PEREZ,Tom Perez,,,,,0
Tom Perez,Tom Perez,hispanic,administration,dem,male,1
TOM PERRIELLO,Tom Perriello,white,elected,dem,male,1
TOM ROBERTSON,Tom Robertson,,,,,0
TOM VILSACK,Tom Vilsack,white,administration,dem,male,1
TOM WIDMEYER,Tom Widmeyer,,,,,0
TONI JENNINGS,Toni Jennings,,,,,0
TONY MESSENGER,Tony Messenger,,,,,0
TONY SCHWARTZ,Tony Schwartz,,,,,0
TRANSLATOR FOR BENJAMIN NETANYAHU,Benjamin Netanyahu,white,foreign leader,na,male,1
TRENT LOTT,Trent Lott,white,elected,rep,male,1
TRESA HOWELL,Tresa Howell,,,,,0
TREY GOWDY,Trey Gowdy,white,elected,rep,male,1
TRYMAINE LEE,Trymaine Lee,,,,,0
TUCKER CARLSON,Tucker Carlson,white,pundit,rep,male,1
TY COBBS,Ty Cobbs,,,,,0
UNIDENTIFIED PERSON PLAYING STEVE BANNON,Unidentified Person,,na,,,0.25
VA SECRETARY ROBERT MCDONALD,Robert McDonald,white,cabinet,dem,male,1
VAUGHN HILLYARD,Vaughn Hillyard,,,,,0
VICE PRESIDENT ELECT MIKE PENCE,Mike Pence,white,elected,rep,male,1
VICE PRESIDENT JOE BIDEN,Joe Biden,white,elected,dem,male,1
VICE PRESIDENT MIKE PENCE,Mike Pence,white,elected,rep,male,1
VICKI KENNEDY,Vicki Kennedy,,,,,0
VINCE WILFORK,Vince Wilfork,,,,,0
VLADIMIR PUTIN,Vladimir Putin,,,,,0
VOICE OF SAVANNAH GUTHRIE,Savannah Guthrie,Savannah ,,,,0.25
WENDY SHERMAN,Wendy Sherman,,,,,0
WES MOORE,Wes Moore,,,,,0
WIFE OF KEITH LAMONT SCOTT,Wife Of Keith Lamont Scott,,,,,0
WILL FERRELL,Will Ferrell,white,entertainer,dam,male,1
WILL WEATHERFORD,Will Weatherford,,,,,0
WILLIAM JOHNSON,William Johnson,,,,,0
WILLIAM M DALEY,Bill Daily,white,administration,dem,male,1
WILLIAM MCCANTS,William Mccants,,,,,0
WILLIAM P BUDDY SWIFT III,William P Buddy Swift,,,,,0
WOLF BLITZER,Wolf Blitzer,white,journalist,na,male,1
YAMICHE ALCINDOR,Yamiche Alcindor,black,pundit,dem,female,1
YAMICHE GERSON,Yamiche Gerson,,,,,0
ZBIGNIEW BRZEZINSKI,Zbigniew Brzezinski,white,administration,dem,male,1
Zbigniew Brzezinski,Zbigniew Brzezinski,white,administration,dem,male,1
